"Risk Object","New Risk Object"
"Node Name","Energy gap per person (kcal_yr)"
"Node Id","Energy_gap_per_person__kcal_yr_"
""
"Summary Statistics"
"Mean","-6537866.416052091"
"Median","-4907168.251466809"
"Variance","9.303630992838564E13"
"Standard Deviation","9645533.15936375"
"Lower Percentile [25.0]","-8449465.340719504"
"Upper Percentile [75.0]","-1364871.1622141134"
""
"Lower Bound","Upper Bound","Value"
"-4.872958984375E7","-3.8963671875E7","0.0017501099550768348"
"-3.8963671875E7","-2.919775390625E7","0.05168208752182165"
"-2.919775390625E7","-1.94318359375E7","0.055306658121240936"
"-1.94318359375E7","-9665917.96875","0.05540918186311665"
"-9665917.96875","100000.0","0.6892362302402393"
"100000.0","9865527.34375","0.14577797995423902"
"9865527.34375","1.96310546875E7","2.7126639926000655E-4"
"1.96310546875E7","3.9162109375E7","5.425327985200131E-4"
"3.9162109375E7","7.822421875E7","2.3953146485613427E-5"
