"Risk Object","New Risk Object"
"Node Name","Energy gap per person (kcal_yr)"
"Node Id","Energy_gap_per_person__kcal_yr_"
""
"Summary Statistics"
"Mean","-1.500613245277827E7"
"Median","-4798261.195123253"
"Variance","1.2155596931705442E15"
"Standard Deviation","3.4864877644565806E7"
"Lower Percentile [25.0]","-8378091.825334356"
"Upper Percentile [75.0]","-1218430.5649121497"
""
"Lower Bound","Upper Bound","Value"
"-2.3428203125E8","-1.561546875E8","6.665630123041477E-4"
"-1.561546875E8","-1.17091015625E8","0.041974214272881796"
"-1.17091015625E8","-3.8963671875E7","0.08539753671437449"
"-3.8963671875E7","-1.94318359375E7","0.02134998767564064"
"-1.94318359375E7","-9665917.96875","0.010675450185896001"
"-9665917.96875","100000.0","0.6820097776646841"
"100000.0","1.96310546875E7","0.1576880265383042"
"1.96310546875E7","3.9162109375E7","2.38443935914719E-4"
