"Risk Object","New Risk Object"
"Node Name","Vitamin A gap per person (RAE_yr)"
"Node Id","Vitamin_A_gap_per_person__RAE_yr_"
""
"Summary Statistics"
"Mean","60581.5099943454"
"Median","204064.68349231844"
"Variance","1.9024930392068872E12"
"Standard Deviation","1379308.899125532"
"Lower Percentile [25.0]","32576.228084946608"
"Upper Percentile [75.0]","602032.3417461591"
""
"Lower Bound","Upper Bound","Value"
"-9865527.34375","-100000.0","0.05173597015932258"
"-100000.0","10000.0","0.13644323988923357"
"10000.0","100000.0","0.24644821423202354"
"100000.0","1000000.0","0.5653725757194203"
